{"cameraMode":{"drawMode":0,"name":"Shaded","section":"Shading Mode"},"sceneLighting":false,"audioPlay":false,"sceneViewState":{"m_AlwaysRefresh":true,"showFog":true,"showSkybox":true,"showFlares":true,"showImageEffects":true,"showParticleSystems":true,"showVisualEffectGraphs":true,"m_FxEnabled":true},"in2DMode":false,"pivot":{"x":293.8401184082031,"y":-84.46421813964844,"z":660.60205078125},"rotation":{"x":0.15004242956638337,"y":-0.00028571911389008164,"z":0.0000441119191236794,"w":0.9886887669563294},"size":481.0516662597656,"orthographic":false}